<?xml version="1.0" encoding="UTF-8"?>
<project-private xmlns="http://www.netbeans.org/ns/project-private/1">
    <editor-bookmarks xmlns="http://www.netbeans.org/ns/editor-bookmarks/2" lastBookmarkId="0"/>
    <open-files xmlns="http://www.netbeans.org/ns/projectui-open-files/2">
        <group>
            <file>file:/Users/jakacenta/One%20Drive/OneDrive%20-%20Univerza%20v%20Ljubljani/FRI/java/viri/letalisca.txt</file>
            <file>file:/Users/jakacenta/One%20Drive/OneDrive%20-%20Univerza%20v%20Ljubljani/FRI/java/src/DN13/DN13.java</file>
            <file>file:/Users/jakacenta/One%20Drive/OneDrive%20-%20Univerza%20v%20Ljubljani/FRI/java/viri/poleti.txt</file>
            <file>file:/Users/jakacenta/One%20Drive/OneDrive%20-%20Univerza%20v%20Ljubljani/FRI/java/src/panel/predavanja.java</file>
            <file>file:/Users/jakacenta/One%20Drive/OneDrive%20-%20Univerza%20v%20Ljubljani/FRI/java/src/V_10/V10.java</file>
        </group>
    </open-files>
</project-private>
